Product Names,Ratings,Reviews,Features,Prices,Actual Prices,Discounts,Image Sources
"Apple iPhone 16 Pro (White Titanium, 1 TB)",4.7,496 Ratings & 31 Reviews,"1 TB ROM
16.0 cm (6.3 inch) Super Retina XDR Display
48MP + 48MP + 12MP | 12MP Front Camera
A18 Pro Chip, 6 Core Processor Processor
1 year warranty for phone and 1 year warranty for in Box Accessories.","₹1,69,900",NA,NA,https://rukminim2.flixcart.com/image/312/312/xif0q/mobile/x/5/2/-original-imah4jywyma4j8vy.jpeg?q=70
"Apple iPhone 16 Pro (Black Titanium, 1 TB)",4.7,496 Ratings & 31 Reviews,"1 TB ROM
16.0 cm (6.3 inch) Super Retina XDR Display
48MP + 48MP + 12MP | 12MP Front Camera
A18 Pro Chip, 6 Core Processor Processor
1 year warranty for phone and 1 year warranty for in Box Accessories.","₹1,69,900",NA,NA,https://rukminim2.flixcart.com/image/312/312/xif0q/mobile/e/x/e/-original-imah4jyw4fpqe7ru.jpeg?q=70
"Apple iPhone 16 Pro Max (Natural Titanium, 256 GB)",4.6,297 Ratings & 31 Reviews,"256 GB ROM
17.53 cm (6.9 inch) Super Retina XDR Display
48MP + 48MP + 12MP | 12MP Front Camera
A18 Pro Chip, 6 Core Processor Processor
1 year warranty for phone and 1 year warranty for in Box Accessories.","₹1,44,900",NA,NA,https://rukminim2.flixcart.com/image/312/312/xif0q/mobile/u/8/w/-original-imah4jz6qhwgukgt.jpeg?q=70
"Apple iPhone 16 Pro (Natural Titanium, 128 GB)",4.7,496 Ratings & 31 Reviews,"128 GB ROM
16.0 cm (6.3 inch) Super Retina XDR Display
48MP + 48MP + 12MP | 12MP Front Camera
A18 Pro Chip, 6 Core Processor Processor
1 year warranty for phone and 1 year warranty for in Box Accessories.","₹1,19,900",NA,NA,https://rukminim2.flixcart.com/image/312/312/xif0q/mobile/o/h/m/-original-imah4jywmcz5ysz3.jpeg?q=70
"Apple iPhone 16 Pro (Natural Titanium, 256 GB)",4.7,496 Ratings & 31 Reviews,"256 GB ROM
16.0 cm (6.3 inch) Super Retina XDR Display
48MP + 48MP + 12MP | 12MP Front Camera
A18 Pro Chip, 6 Core Processor Processor
1 year warranty for phone and 1 year warranty for in Box Accessories.","₹1,29,900",NA,NA,https://rukminim2.flixcart.com/image/312/312/xif0q/mobile/o/h/m/-original-imah4jywmcz5ysz3.jpeg?q=70
"Apple iPhone 16 Pro (Black Titanium, 512 GB)",4.7,496 Ratings & 31 Reviews,"512 GB ROM
16.0 cm (6.3 inch) Super Retina XDR Display
48MP + 48MP + 12MP | 12MP Front Camera
A18 Pro Chip, 6 Core Processor Processor
1 year warranty for phone and 1 year warranty for in Box Accessories.","₹1,49,900",NA,NA,https://rukminim2.flixcart.com/image/312/312/xif0q/mobile/e/x/e/-original-imah4jyw4fpqe7ru.jpeg?q=70
"Apple iPhone 16 Pro (White Titanium, 128 GB)",4.7,496 Ratings & 31 Reviews,"128 GB ROM
16.0 cm (6.3 inch) Super Retina XDR Display
48MP + 48MP + 12MP | 12MP Front Camera
A18 Pro Chip, 6 Core Processor Processor
1 year warranty for phone and 1 year warranty for in Box Accessories.","₹1,19,900",NA,NA,https://rukminim2.flixcart.com/image/312/312/xif0q/mobile/x/5/2/-original-imah4jywyma4j8vy.jpeg?q=70
"Apple iPhone 16 Pro (Desert Titanium, 256 GB)",4.7,496 Ratings & 31 Reviews,"256 GB ROM
16.0 cm (6.3 inch) Super Retina XDR Display
48MP + 48MP + 12MP | 12MP Front Camera
A18 Pro Chip, 6 Core Processor Processor
1 year warranty for phone and 1 year warranty for in Box Accessories.","₹1,29,900",NA,NA,https://rukminim2.flixcart.com/image/312/312/xif0q/mobile/7/d/z/-original-imah4jywfm9uuvzw.jpeg?q=70
"Apple iPhone 16 Pro (White Titanium, 256 GB)",4.7,496 Ratings & 31 Reviews,"256 GB ROM
16.0 cm (6.3 inch) Super Retina XDR Display
48MP + 48MP + 12MP | 12MP Front Camera
A18 Pro Chip, 6 Core Processor Processor
1 year warranty for phone and 1 year warranty for in Box Accessories.","₹1,29,900",NA,NA,https://rukminim2.flixcart.com/image/312/312/xif0q/mobile/x/5/2/-original-imah4jywyma4j8vy.jpeg?q=70
"Apple iPhone 16 Pro (Black Titanium, 256 GB)",4.7,496 Ratings & 31 Reviews,"256 GB ROM
16.0 cm (6.3 inch) Super Retina XDR Display
48MP + 48MP + 12MP | 12MP Front Camera
A18 Pro Chip, 6 Core Processor Processor
1 year warranty for phone and 1 year warranty for in Box Accessories.","₹1,29,900",NA,NA,https://rukminim2.flixcart.com/image/312/312/xif0q/mobile/e/x/e/-original-imah4jyw4fpqe7ru.jpeg?q=70
"Apple iPhone 16 Pro (Desert Titanium, 1 TB)",4.7,496 Ratings & 31 Reviews,"1 TB ROM
16.0 cm (6.3 inch) Super Retina XDR Display
48MP + 48MP + 12MP | 12MP Front Camera
A18 Pro Chip, 6 Core Processor Processor
1 year warranty for phone and 1 year warranty for in Box Accessories.","₹1,69,900",NA,NA,https://rukminim2.flixcart.com/image/312/312/xif0q/mobile/7/d/z/-original-imah4jywfm9uuvzw.jpeg?q=70
"Apple iPhone 16 Pro (Natural Titanium, 512 GB)",4.7,496 Ratings & 31 Reviews,"512 GB ROM
16.0 cm (6.3 inch) Super Retina XDR Display
48MP + 48MP + 12MP | 12MP Front Camera
A18 Pro Chip, 6 Core Processor Processor
1 year warranty for phone and 1 year warranty for in Box Accessories.","₹1,49,900",NA,NA,https://rukminim2.flixcart.com/image/312/312/xif0q/mobile/o/h/m/-original-imah4jywmcz5ysz3.jpeg?q=70
"Apple iPhone 16 Pro (Desert Titanium, 128 GB)",4.7,496 Ratings & 31 Reviews,"128 GB ROM
16.0 cm (6.3 inch) Super Retina XDR Display
48MP + 48MP + 12MP | 12MP Front Camera
A18 Pro Chip, 6 Core Processor Processor
1 year warranty for phone and 1 year warranty for in Box Accessories.","₹1,19,900",NA,NA,https://rukminim2.flixcart.com/image/312/312/xif0q/mobile/7/d/z/-original-imah4jywfm9uuvzw.jpeg?q=70
"Apple iPhone 16 Pro (Desert Titanium, 512 GB)",4.7,496 Ratings & 31 Reviews,"512 GB ROM
16.0 cm (6.3 inch) Super Retina XDR Display
48MP + 48MP + 12MP | 12MP Front Camera
A18 Pro Chip, 6 Core Processor Processor
1 year warranty for phone and 1 year warranty for in Box Accessories.","₹1,49,900",NA,NA,https://rukminim2.flixcart.com/image/312/312/xif0q/mobile/7/d/z/-original-imah4jywfm9uuvzw.jpeg?q=70
"Apple iPhone 16 Pro (White Titanium, 512 GB)",4.7,496 Ratings & 31 Reviews,"512 GB ROM
16.0 cm (6.3 inch) Super Retina XDR Display
48MP + 48MP + 12MP | 12MP Front Camera
A18 Pro Chip, 6 Core Processor Processor
1 year warranty for phone and 1 year warranty for in Box Accessories.","₹1,49,900",NA,NA,https://rukminim2.flixcart.com/image/312/312/xif0q/mobile/x/5/2/-original-imah4jywyma4j8vy.jpeg?q=70
"Apple iPhone 16 Pro (Natural Titanium, 1 TB)",4.7,496 Ratings & 31 Reviews,"1 TB ROM
16.0 cm (6.3 inch) Super Retina XDR Display
48MP + 48MP + 12MP | 12MP Front Camera
A18 Pro Chip, 6 Core Processor Processor
1 year warranty for phone and 1 year warranty for in Box Accessories.","₹1,69,900",NA,NA,https://rukminim2.flixcart.com/image/312/312/xif0q/mobile/o/h/m/-original-imah4jywmcz5ysz3.jpeg?q=70
"Apple iPhone 16 Pro (Black Titanium, 128 GB)",4.7,496 Ratings & 31 Reviews,"128 GB ROM
16.0 cm (6.3 inch) Super Retina XDR Display
48MP + 48MP + 12MP | 12MP Front Camera
A18 Pro Chip, 6 Core Processor Processor
1 year warranty for phone and 1 year warranty for in Box Accessories.","₹1,19,900",NA,NA,https://rukminim2.flixcart.com/image/312/312/xif0q/mobile/e/x/e/-original-imah4jyw4fpqe7ru.jpeg?q=70
"Apple iPhone 16 Pro Max (White Titanium, 512 GB)",4.6,297 Ratings & 31 Reviews,"512 GB ROM
17.53 cm (6.9 inch) Super Retina XDR Display
48MP + 48MP + 12MP | 12MP Front Camera
A18 Pro Chip, 6 Core Processor Processor
1 year warranty for phone and 1 year warranty for in Box Accessories.","₹1,64,900",NA,NA,https://rukminim2.flixcart.com/image/312/312/xif0q/mobile/6/q/r/-original-imah4jz64htqmsxg.jpeg?q=70
"Apple iPhone 16 Pro Max (Desert Titanium, 256 GB)",4.6,297 Ratings & 31 Reviews,"256 GB ROM
17.53 cm (6.9 inch) Super Retina XDR Display
48MP + 48MP + 12MP | 12MP Front Camera
A18 Pro Chip, 6 Core Processor Processor
1 year warranty for phone and 1 year warranty for in Box Accessories.","₹1,44,900",NA,NA,https://rukminim2.flixcart.com/image/312/312/xif0q/mobile/x/v/y/-original-imah4jz66dmcwhmd.jpeg?q=70
"Apple iPhone 16 Pro Max (Black Titanium, 256 GB)",4.6,297 Ratings & 31 Reviews,"256 GB ROM
17.53 cm (6.9 inch) Super Retina XDR Display
48MP + 48MP + 12MP | 12MP Front Camera
A18 Pro Chip, 6 Core Processor Processor
1 year warranty for phone and 1 year warranty for in Box Accessories.","₹1,44,900",NA,NA,https://rukminim2.flixcart.com/image/312/312/xif0q/mobile/y/m/i/-original-imah4jz66pzdzy4z.jpeg?q=70
"Apple iPhone 16 Pro Max (White Titanium, 1 TB)",4.6,297 Ratings & 31 Reviews,"1 TB ROM
17.53 cm (6.9 inch) Super Retina XDR Display
48MP + 48MP + 12MP | 12MP Front Camera
A18 Pro Chip, 6 Core Processor Processor
1 year warranty for phone and 1 year warranty for in Box Accessories.","₹1,84,900",NA,NA,https://rukminim2.flixcart.com/image/312/312/xif0q/mobile/6/q/r/-original-imah4jz64htqmsxg.jpeg?q=70
"Apple iPhone 16 Pro Max (Desert Titanium, 1 TB)",4.6,297 Ratings & 31 Reviews,"1 TB ROM
17.53 cm (6.9 inch) Super Retina XDR Display
48MP + 48MP + 12MP | 12MP Front Camera
A18 Pro Chip, 6 Core Processor Processor
1 year warranty for phone and 1 year warranty for in Box Accessories.","₹1,84,900",NA,NA,https://rukminim2.flixcart.com/image/312/312/xif0q/mobile/x/v/y/-original-imah4jz66dmcwhmd.jpeg?q=70
"Apple iPhone 16 Pro Max (White Titanium, 256 GB)",4.6,297 Ratings & 31 Reviews,"256 GB ROM
17.53 cm (6.9 inch) Super Retina XDR Display
48MP + 48MP + 12MP | 12MP Front Camera
A18 Pro Chip, 6 Core Processor Processor
1 year warranty for phone and 1 year warranty for in Box Accessories.","₹1,44,900",NA,NA,https://rukminim2.flixcart.com/image/312/312/xif0q/mobile/6/q/r/-original-imah4jz64htqmsxg.jpeg?q=70
"Apple iPhone 16 Pro Max (Natural Titanium, 512 GB)",4.6,297 Ratings & 31 Reviews,"512 GB ROM
17.53 cm (6.9 inch) Super Retina XDR Display
48MP + 48MP + 12MP | 12MP Front Camera
A18 Pro Chip, 6 Core Processor Processor
1 year warranty for phone and 1 year warranty for in Box Accessories.","₹1,64,900",NA,NA,https://rukminim2.flixcart.com/image/312/312/xif0q/mobile/u/8/w/-original-imah4jz6qhwgukgt.jpeg?q=70
"Apple iPhone 16 Pro Max (Black Titanium, 1 TB)",4.6,297 Ratings & 31 Reviews,"1 TB ROM
17.53 cm (6.9 inch) Super Retina XDR Display
48MP + 48MP + 12MP | 12MP Front Camera
A18 Pro Chip, 6 Core Processor Processor
1 year warranty for phone and 1 year warranty for in Box Accessories.","₹1,84,900",NA,NA,https://rukminim2.flixcart.com/image/312/312/xif0q/mobile/y/m/i/-original-imah4jz66pzdzy4z.jpeg?q=70
"Apple iPhone 16 Pro Max (Black Titanium, 512 GB)",4.6,297 Ratings & 31 Reviews,"512 GB ROM
17.53 cm (6.9 inch) Super Retina XDR Display
48MP + 48MP + 12MP | 12MP Front Camera
A18 Pro Chip, 6 Core Processor Processor
1 year warranty for phone and 1 year warranty for in Box Accessories.","₹1,64,900",NA,NA,https://rukminim2.flixcart.com/image/312/312/xif0q/mobile/y/m/i/-original-imah4jz66pzdzy4z.jpeg?q=70
"Apple iPhone 16 Pro Max (Natural Titanium, 1 TB)",4.6,297 Ratings & 31 Reviews,"1 TB ROM
17.53 cm (6.9 inch) Super Retina XDR Display
48MP + 48MP + 12MP | 12MP Front Camera
A18 Pro Chip, 6 Core Processor Processor
1 year warranty for phone and 1 year warranty for in Box Accessories.","₹1,84,900",NA,NA,https://rukminim2.flixcart.com/image/312/312/xif0q/mobile/u/8/w/-original-imah4jz6qhwgukgt.jpeg?q=70
"Apple iPhone 16 Pro Max (Desert Titanium, 512 GB)",4.6,297 Ratings & 31 Reviews,"512 GB ROM
17.53 cm (6.9 inch) Super Retina XDR Display
48MP + 48MP + 12MP | 12MP Front Camera
A18 Pro Chip, 6 Core Processor Processor
1 year warranty for phone and 1 year warranty for in Box Accessories.","₹1,64,900",NA,NA,https://rukminim2.flixcart.com/image/312/312/xif0q/mobile/x/v/y/-original-imah4jz66dmcwhmd.jpeg?q=70
"Apple iPhone 14 Pro (Gold, 256 GB)",4.7,"2,189 Ratings & 153 Reviews","256 GB ROM
15.49 cm (6.1 inch) Super Retina XDR Display
48MP + 12MP + 12MP | 12MP Front Camera
A16 Bionic Chip, 6 Core Processor Processor
1 year warranty for phone and 1 year warranty for in Box Accessories.","₹1,29,900",NA,NA,https://rukminim2.flixcart.com/image/312/312/xif0q/mobile/i/h/c/-original-imaghxemmqyahnuj.jpeg?q=70
"Apple iPhone 14 Pro Max (Space Black, 128 GB)",4.7,"2,395 Ratings & 166 Reviews","128 GB ROM
17.02 cm (6.7 inch) Super Retina XDR Display
48MP + 12MP + 12MP | 12MP Front Camera
A16 Bionic Chip, 6 Core Processor Processor
1 year warranty for phone and 1 year warranty for in Box Accessories.","₹1,34,900",NA,NA,https://rukminim2.flixcart.com/image/312/312/xif0q/mobile/9/f/p/-original-imaghxenhnpyhn5u.jpeg?q=70
"Apple iPhone 14 Pro Max (Gold, 1 TB)",4.7,"2,395 Ratings & 166 Reviews","1 TB ROM
17.02 cm (6.7 inch) Super Retina XDR Display
48MP + 12MP + 12MP | 12MP Front Camera
A16 Bionic Chip, 6 Core Processor Processor
1 year warranty for phone and 1 year warranty for in Box Accessories.","₹1,84,900",NA,NA,https://rukminim2.flixcart.com/image/312/312/xif0q/mobile/k/u/6/-original-imaghxen343tbjgj.jpeg?q=70
"Apple iPhone 14 Pro Max (Space Black, 1 TB)",4.7,"2,395 Ratings & 166 Reviews","1 TB ROM
17.02 cm (6.7 inch) Super Retina XDR Display
48MP + 12MP + 12MP | 12MP Front Camera
A16 Bionic Chip, 6 Core Processor Processor
1 year warranty for phone and 1 year warranty for in Box Accessories.","₹1,84,900",NA,NA,https://rukminim2.flixcart.com/image/312/312/xif0q/mobile/9/f/p/-original-imaghxenhnpyhn5u.jpeg?q=70
"Apple iPhone 14 Pro (Gold, 128 GB)",4.7,"2,189 Ratings & 153 Reviews","128 GB ROM
15.49 cm (6.1 inch) Super Retina XDR Display
48MP + 12MP + 12MP | 12MP Front Camera
A16 Bionic Chip, 6 Core Processor Processor
1 year warranty for phone and 1 year warranty for in Box Accessories.","₹1,19,900",NA,NA,https://rukminim2.flixcart.com/image/312/312/xif0q/mobile/i/h/c/-original-imaghxemmqyahnuj.jpeg?q=70
"Apple iPhone 14 Pro (Silver, 1 TB)",4.7,"2,189 Ratings & 153 Reviews","1 TB ROM
15.49 cm (6.1 inch) Super Retina XDR Display
48MP + 12MP + 12MP | 12MP Front Camera
A16 Bionic Chip, 6 Core Processor Processor
1 year warranty for phone and 1 year warranty for in Box Accessories.","₹1,69,900",NA,NA,https://rukminim2.flixcart.com/image/312/312/xif0q/mobile/h/r/e/-original-imaghxeeme2n7hy7.jpeg?q=70
"Apple iPhone 14 Pro Max (Deep Purple, 512 GB)",4.7,"2,395 Ratings & 166 Reviews","512 GB ROM
17.02 cm (6.7 inch) Super Retina XDR Display
48MP + 12MP + 12MP | 12MP Front Camera
A16 Bionic Chip, 6 Core Processor Processor
1 year warranty for phone and 1 year warranty for in Box Accessories.","₹1,64,900",NA,NA,https://rukminim2.flixcart.com/image/312/312/xif0q/mobile/6/x/j/-original-imaghxejqvpwfqh2.jpeg?q=70
"Apple iPhone 14 Pro Max (Gold, 128 GB)",4.7,"2,395 Ratings & 166 Reviews","128 GB ROM
17.02 cm (6.7 inch) Super Retina XDR Display
48MP + 12MP + 12MP | 12MP Front Camera
A16 Bionic Chip, 6 Core Processor Processor
1 year warranty for phone and 1 year warranty for in Box Accessories.","₹1,34,900",NA,NA,https://rukminim2.flixcart.com/image/312/312/xif0q/mobile/k/u/6/-original-imaghxen343tbjgj.jpeg?q=70
"Apple iPhone 14 Pro Max (Silver, 256 GB)",4.7,"2,395 Ratings & 166 Reviews","256 GB ROM
17.02 cm (6.7 inch) Super Retina XDR Display
48MP + 12MP + 12MP | 12MP Front Camera
A16 Bionic Chip, 6 Core Processor Processor
1 year warranty for phone and 1 year warranty for in Box Accessories.","₹1,44,900",NA,NA,https://rukminim2.flixcart.com/image/312/312/xif0q/mobile/k/s/t/-original-imaghxengzjc2djt.jpeg?q=70
"Apple iPhone 14 Pro (Space Black, 128 GB)",4.7,"2,189 Ratings & 153 Reviews","128 GB ROM
15.49 cm (6.1 inch) Super Retina XDR Display
48MP + 12MP + 12MP | 12MP Front Camera
A16 Bionic Chip, 6 Core Processor Processor
1 year warranty for phone and 1 year warranty for in Box Accessories.","₹1,19,900",NA,NA,https://rukminim2.flixcart.com/image/312/312/xif0q/mobile/y/l/p/-original-imaghxemc3wtcuhb.jpeg?q=70
"Apple iPhone 14 Pro Max (Deep Purple, 256 GB)",4.7,"2,395 Ratings & 166 Reviews","256 GB ROM
17.02 cm (6.7 inch) Super Retina XDR Display
48MP + 12MP + 12MP | 12MP Front Camera
A16 Bionic Chip, 6 Core Processor Processor
1 year warranty for phone and 1 year warranty for in Box Accessories.","₹1,44,900",NA,NA,https://rukminim2.flixcart.com/image/312/312/xif0q/mobile/6/x/j/-original-imaghxejqvpwfqh2.jpeg?q=70
"Apple iPhone 14 Pro (Deep Purple, 128 GB)",4.7,"2,189 Ratings & 153 Reviews","128 GB ROM
15.49 cm (6.1 inch) Super Retina XDR Display
48MP + 12MP + 12MP | 12MP Front Camera
A16 Bionic Chip, 6 Core Processor Processor
1 year warranty for phone and 1 year warranty for in Box Accessories.","₹1,19,900",NA,NA,https://rukminim2.flixcart.com/image/312/312/xif0q/mobile/l/8/r/-original-imaghxemnnnkd8bg.jpeg?q=70
"Apple iPhone 14 Pro (Silver, 256 GB)",4.7,"2,189 Ratings & 153 Reviews","256 GB ROM
15.49 cm (6.1 inch) Super Retina XDR Display
48MP + 12MP + 12MP | 12MP Front Camera
A16 Bionic Chip, 6 Core Processor Processor
1 year warranty for phone and 1 year warranty for in Box Accessories.","₹1,29,900",NA,NA,https://rukminim2.flixcart.com/image/312/312/xif0q/mobile/h/r/e/-original-imaghxeeme2n7hy7.jpeg?q=70
"Apple iPhone 14 Pro (Space Black, 256 GB)",4.7,"2,189 Ratings & 153 Reviews","256 GB ROM
15.49 cm (6.1 inch) Super Retina XDR Display
48MP + 12MP + 12MP | 12MP Front Camera
A16 Bionic Chip, 6 Core Processor Processor
1 year warranty for phone and 1 year warranty for in Box Accessories.","₹1,29,900",NA,NA,https://rukminim2.flixcart.com/image/312/312/xif0q/mobile/y/l/p/-original-imaghxemc3wtcuhb.jpeg?q=70
"Apple iPhone 14 Pro (Space Black, 1 TB)",4.7,"2,189 Ratings & 153 Reviews","1 TB ROM
15.49 cm (6.1 inch) Super Retina XDR Display
48MP + 12MP + 12MP | 12MP Front Camera
A16 Bionic Chip, 6 Core Processor Processor
1 year warranty for phone and 1 year warranty for in Box Accessories.","₹1,69,900",NA,NA,https://rukminim2.flixcart.com/image/312/312/xif0q/mobile/y/l/p/-original-imaghxemc3wtcuhb.jpeg?q=70
"Apple iPhone 14 Pro (Deep Purple, 512 GB)",4.7,"2,189 Ratings & 153 Reviews","512 GB ROM
15.49 cm (6.1 inch) Super Retina XDR Display
48MP + 12MP + 12MP | 12MP Front Camera
A16 Bionic Chip, 6 Core Processor Processor
1 year warranty for phone and 1 year warranty for in Box Accessories.","₹1,49,900",NA,NA,https://rukminim2.flixcart.com/image/312/312/xif0q/mobile/l/8/r/-original-imaghxemnnnkd8bg.jpeg?q=70
"Apple iPhone 14 Pro (Gold, 512 GB)",4.7,"2,189 Ratings & 153 Reviews","512 GB ROM
15.49 cm (6.1 inch) Super Retina XDR Display
48MP + 12MP + 12MP | 12MP Front Camera
A16 Bionic Chip, 6 Core Processor Processor
1 year warranty for phone and 1 year warranty for in Box Accessories.","₹1,49,900",NA,NA,https://rukminim2.flixcart.com/image/312/312/xif0q/mobile/i/h/c/-original-imaghxemmqyahnuj.jpeg?q=70
"Apple iPhone 14 Pro (Deep Purple, 256 GB)",4.7,"2,189 Ratings & 153 Reviews","256 GB ROM
15.49 cm (6.1 inch) Super Retina XDR Display
48MP + 12MP + 12MP | 12MP Front Camera
A16 Bionic Chip, 6 Core Processor Processor
1 year warranty for phone and 1 year warranty for in Box Accessories.","₹1,29,900",NA,NA,https://rukminim2.flixcart.com/image/312/312/xif0q/mobile/l/8/r/-original-imaghxemnnnkd8bg.jpeg?q=70
"Apple iPhone 14 Pro (Gold, 1 TB)",4.7,"2,189 Ratings & 153 Reviews","1 TB ROM
15.49 cm (6.1 inch) Super Retina XDR Display
48MP + 12MP + 12MP | 12MP Front Camera
A16 Bionic Chip, 6 Core Processor Processor
1 year warranty for phone and 1 year warranty for in Box Accessories.","₹1,69,900",NA,NA,https://rukminim2.flixcart.com/image/312/312/xif0q/mobile/i/h/c/-original-imaghxemmqyahnuj.jpeg?q=70
"Apple iPhone 14 Pro (Deep Purple, 1 TB)",4.7,"2,189 Ratings & 153 Reviews","1 TB ROM
15.49 cm (6.1 inch) Super Retina XDR Display
48MP + 12MP + 12MP | 12MP Front Camera
A16 Bionic Chip, 6 Core Processor Processor
1 year warranty for phone and 1 year warranty for in Box Accessories.","₹1,69,900",NA,NA,https://rukminim2.flixcart.com/image/312/312/xif0q/mobile/l/8/r/-original-imaghxemnnnkd8bg.jpeg?q=70
"Apple iPhone 14 Pro Max (Silver, 512 GB)",4.7,"2,395 Ratings & 166 Reviews","512 GB ROM
17.02 cm (6.7 inch) Super Retina XDR Display
48MP + 12MP + 12MP | 12MP Front Camera
A16 Bionic Chip, 6 Core Processor Processor
1 year warranty for phone and 1 year warranty for in Box Accessories.","₹1,64,900",NA,NA,https://rukminim2.flixcart.com/image/312/312/xif0q/mobile/k/s/t/-original-imaghxengzjc2djt.jpeg?q=70
"Apple iPhone 14 Pro (Silver, 512 GB)",4.7,"2,189 Ratings & 153 Reviews","512 GB ROM
15.49 cm (6.1 inch) Super Retina XDR Display
48MP + 12MP + 12MP | 12MP Front Camera
A16 Bionic Chip, 6 Core Processor Processor
1 year warranty for phone and 1 year warranty for in Box Accessories.","₹1,49,900",NA,NA,https://rukminim2.flixcart.com/image/312/312/xif0q/mobile/h/r/e/-original-imaghxeeme2n7hy7.jpeg?q=70
"Apple iPhone 14 Pro Max (Deep Purple, 1 TB)",4.7,"2,395 Ratings & 166 Reviews","1 TB ROM
17.02 cm (6.7 inch) Super Retina XDR Display
48MP + 12MP + 12MP | 12MP Front Camera
A16 Bionic Chip, 6 Core Processor Processor
1 year warranty for phone and 1 year warranty for in Box Accessories.","₹1,84,900",NA,NA,https://rukminim2.flixcart.com/image/312/312/xif0q/mobile/6/x/j/-original-imaghxejqvpwfqh2.jpeg?q=70
"Apple iPhone 14 Pro Max (Silver, 1 TB)",4.7,"2,395 Ratings & 166 Reviews","1 TB ROM
17.02 cm (6.7 inch) Super Retina XDR Display
48MP + 12MP + 12MP | 12MP Front Camera
A16 Bionic Chip, 6 Core Processor Processor
1 year warranty for phone and 1 year warranty for in Box Accessories.","₹1,84,900",NA,NA,https://rukminim2.flixcart.com/image/312/312/xif0q/mobile/k/s/t/-original-imaghxengzjc2djt.jpeg?q=70
"Apple iPhone 14 Pro (Silver, 128 GB)",4.7,"2,189 Ratings & 153 Reviews","128 GB ROM
15.49 cm (6.1 inch) Super Retina XDR Display
48MP + 12MP + 12MP | 12MP Front Camera
A16 Bionic Chip, 6 Core Processor Processor
1 year warranty for phone and 1 year warranty for in Box Accessories.","₹1,19,900",NA,NA,https://rukminim2.flixcart.com/image/312/312/xif0q/mobile/h/r/e/-original-imaghxeeme2n7hy7.jpeg?q=70
"Apple iPhone 14 Pro Max (Silver, 128 GB)",4.7,"2,395 Ratings & 166 Reviews","128 GB ROM
17.02 cm (6.7 inch) Super Retina XDR Display
48MP + 12MP + 12MP | 12MP Front Camera
A16 Bionic Chip, 6 Core Processor Processor
1 year warranty for phone and 1 year warranty for in Box Accessories.","₹1,34,900",NA,NA,https://rukminim2.flixcart.com/image/312/312/xif0q/mobile/k/s/t/-original-imaghxengzjc2djt.jpeg?q=70
"Apple iPhone 14 Pro Max (Deep Purple, 128 GB)",4.7,"2,395 Ratings & 166 Reviews","128 GB ROM
17.02 cm (6.7 inch) Super Retina XDR Display
48MP + 12MP + 12MP | 12MP Front Camera
A16 Bionic Chip, 6 Core Processor Processor
1 year warranty for phone and 1 year warranty for in Box Accessories.","₹1,34,900",NA,NA,https://rukminim2.flixcart.com/image/312/312/xif0q/mobile/6/x/j/-original-imaghxejqvpwfqh2.jpeg?q=70
"(Refurbished) POCO X5 Pro 5G (Astral Black, 256 GB)",NA,NA,"Grade: Refurbished - Superb
Compatible Charger & Cable
8 GB RAM | 256 GB ROM |
6.67 inch Full HD+ Display
108MP Rear Camera | 16MP Front Camera
5000 mAh Battery
Qualcomm Snapdragon 778G Processor
Seller warranty of 1 Year","₹18,999","₹28,999",34% off,https://rukminim2.flixcart.com/image/312/312/xif0q/mobile-refurbished-fk/k/v/f/-original-imahfywtuxjd4b4z.jpeg?q=70
"(Refurbished) Infinix Note 12 Pro 5G (Force Black, 128 GB)",2.3,4 Ratings & 1 Reviews,"Grade: Refurbished - Superb
Compatible Charger & Cable
8 GB RAM | 128 GB ROM | Expandable Upto 2 TB
6.7 inch Full HD+ AMOLED Display
108MP Rear Camera | 16MP Front Camera
5000 mAh Battery
Mediatek Dimensity 810 5G Processor
Seller warranty of 1 Year","₹12,799","₹24,999",48% off,https://rukminim2.flixcart.com/image/312/312/xif0q/mobile-refurbished-fk/w/q/h/-original-imahfywtqfgyjfqg.jpeg?q=70
"Apple iPhone 14 Pro Max (Space Black, 256 GB)",4.7,"2,395 Ratings & 166 Reviews","256 GB ROM
17.02 cm (6.7 inch) Super Retina XDR Display
48MP + 12MP + 12MP | 12MP Front Camera
A16 Bionic Chip, 6 Core Processor Processor
1 year warranty for phone and 1 year warranty for in Box Accessories.","₹1,44,900",NA,NA,https://rukminim2.flixcart.com/image/312/312/xif0q/mobile/9/f/p/-original-imaghxenhnpyhn5u.jpeg?q=70
